sub_id,trial_num,age_years,age_months,vocabulary_score,condition,target_object,correct
1,1,3,47.04,72.73,FF,balloon,TRUE
1,2,3,47.04,72.73,FF,bowl,TRUE
1,3,3,47.04,72.73,FF,apple,TRUE
1,4,3,47.04,72.73,NF,helm,TRUE
1,5,3,47.04,72.73,NF,beaker,TRUE
1,6,3,47.04,72.73,NF,gourd,TRUE
1,7,3,47.04,72.73,NF,luffa,TRUE
2,1,2,30.36,59.09,FF,cup,TRUE
2,2,2,30.36,59.09,FF,guitar,TRUE
2,3,2,30.36,59.09,FF,apple,TRUE
2,4,2,30.36,59.09,NF,longan,TRUE
2,5,2,30.36,59.09,NF,fig,TRUE
2,6,2,30.36,59.09,NF,bung,FALSE
2,7,2,30.36,59.09,NF,ladle,TRUE
3,1,3,41.64,77.27,FF,cookie,TRUE
3,2,3,41.64,77.27,FF,flower,TRUE
3,3,3,41.64,77.27,FF,guitar,TRUE
3,4,3,41.64,77.27,NF,pipette,TRUE
3,5,3,41.64,77.27,NF,sieve,TRUE
3,6,3,41.64,77.27,NF,tongs,TRUE
3,7,3,41.64,77.27,NF,kettle,TRUE
4,1,3,41.519999999999996,72.73,FF,guitar,TRUE
4,2,3,41.519999999999996,72.73,FF,bowl,TRUE
4,3,3,41.519999999999996,72.73,FF,banana,TRUE
4,4,3,41.519999999999996,72.73,NF,helm,TRUE
4,5,3,41.519999999999996,72.73,NF,fig,TRUE
4,6,3,41.519999999999996,72.73,NF,beaker,TRUE
4,7,3,41.519999999999996,72.73,NF,dulcimer,TRUE
5,1,3,42.36,68.18,FF,guitar,TRUE
5,2,3,42.36,68.18,FF,banana,TRUE
5,3,3,42.36,68.18,FF,flower,TRUE
5,4,3,42.36,68.18,NF,okra,TRUE
5,5,3,42.36,68.18,NF,fig,TRUE
5,6,3,42.36,68.18,NF,funnel,TRUE
5,7,3,42.36,68.18,NF,chestnut,TRUE
6,1,2,32.28,63.64,FF,apple,TRUE
6,2,2,32.28,63.64,FF,spoon,TRUE
6,3,2,32.28,63.64,FF,balloon,FALSE
6,4,2,32.28,63.64,NF,longan,TRUE
6,5,2,32.28,63.64,NF,whisk,TRUE
6,6,2,32.28,63.64,NF,chestnut,FALSE
6,7,2,32.28,63.64,NF,sieve,FALSE
7,1,3,38.04,68.18,FF,apple,TRUE
7,2,3,38.04,68.18,FF,shoe,TRUE
7,3,3,38.04,68.18,FF,guitar,FALSE
7,4,3,38.04,68.18,NF,gourd,FALSE
7,5,3,38.04,68.18,NF,disk,TRUE
7,6,3,38.04,68.18,NF,ginger,TRUE
7,7,3,38.04,68.18,NF,luffa,FALSE
8,1,3,37.8,90.91,FF,balloon,TRUE
8,2,3,37.8,90.91,FF,bowl,TRUE
9,1,3,45.12,68.18,FF,cookie,TRUE
9,2,3,45.12,68.18,FF,balloon,TRUE
9,3,3,45.12,68.18,FF,cup,TRUE
9,4,3,45.12,68.18,NF,funnel,TRUE
9,5,3,45.12,68.18,NF,fig,TRUE
9,6,3,45.12,68.18,NF,tongs,TRUE
9,7,3,45.12,68.18,NF,gourd,TRUE
10,1,3,39.24,86.36,FF,apple,TRUE
10,2,3,39.24,86.36,FF,balloon,TRUE
10,3,3,39.24,86.36,FF,bottle,TRUE
10,4,3,39.24,86.36,NF,ladle,TRUE
10,5,3,39.24,86.36,NF,leek,TRUE
10,6,3,39.24,86.36,NF,luffa,TRUE
10,7,3,39.24,86.36,NF,cam,TRUE
11,1,3,39.72,81.82,FF,spoon,TRUE
11,2,3,39.72,81.82,FF,shoe,TRUE
11,3,3,39.72,81.82,FF,pretzel,TRUE
11,4,3,39.72,81.82,NF,dulcimer,TRUE
12,1,2,30.599999999999998,81.82,FF,cookie,TRUE
12,2,2,30.599999999999998,81.82,FF,bottle,FALSE
12,3,2,30.599999999999998,81.82,FF,flower,TRUE
12,4,2,30.599999999999998,81.82,NF,kettle,TRUE
12,5,2,30.599999999999998,81.82,NF,longan,TRUE
12,6,2,30.599999999999998,81.82,NF,fig,TRUE
12,7,2,30.599999999999998,81.82,NF,tongs,FALSE
13,1,3,36,85.71,FF,cookie,TRUE
13,2,3,36,85.71,FF,shoe,TRUE
13,3,3,36,85.71,FF,balloon,TRUE
13,4,3,36,85.71,NF,beaker,TRUE
13,5,3,36,85.71,NF,dulcimer,TRUE
13,6,3,36,85.71,NF,bung,TRUE
14,1,3,44.28,57.14,FF,bottle,TRUE
14,2,3,44.28,57.14,FF,cookie,FALSE
14,3,3,44.28,57.14,FF,guitar,FALSE
14,4,3,44.28,57.14,NF,radish,FALSE
14,5,3,44.28,57.14,NF,luffa,TRUE
14,6,3,44.28,57.14,NF,disk,TRUE
14,7,3,44.28,57.14,NF,tongs,FALSE
15,1,3,40.08,80.95,FF,banana,TRUE
15,2,3,40.08,80.95,FF,ball,TRUE
15,3,3,40.08,80.95,FF,cup,TRUE
15,4,3,40.08,80.95,NF,dulcimer,FALSE
15,5,3,40.08,80.95,NF,bung,TRUE
15,6,3,40.08,80.95,NF,kettle,TRUE
15,7,3,40.08,80.95,NF,gourd,TRUE
16,1,2,27.36,57.14,FF,cookie,TRUE
16,2,2,27.36,57.14,FF,guitar,TRUE
16,3,2,27.36,57.14,FF,balloon,TRUE
16,4,2,27.36,57.14,NF,cam,TRUE
16,5,2,27.36,57.14,NF,funnel,FALSE
16,6,2,27.36,57.14,NF,ladle,TRUE
16,7,2,27.36,57.14,NF,okra,TRUE
17,1,3,44.88,72.73,FF,bucket,TRUE
17,2,3,44.88,72.73,FF,pretzel,TRUE
17,3,3,44.88,72.73,FF,spoon,TRUE
17,4,3,44.88,72.73,NF,chestnut,TRUE
17,5,3,44.88,72.73,NF,pipette,TRUE
17,6,3,44.88,72.73,NF,tongs,TRUE
17,7,3,44.88,72.73,NF,gourd,TRUE
18,1,3,46.44,86.36,FF,bottle,TRUE
18,2,3,46.44,86.36,FF,cup,TRUE
18,3,3,46.44,86.36,FF,apple,TRUE
18,4,3,46.44,86.36,NF,leek,TRUE
18,5,3,46.44,86.36,NF,gourd,TRUE
18,6,3,46.44,86.36,NF,whisk,TRUE
18,7,3,46.44,86.36,NF,kettle,FALSE
19,1,3,46.08,77.27,FF,banana,TRUE
19,2,3,46.08,77.27,FF,ball,TRUE
19,3,3,46.08,77.27,FF,bottle,FALSE
19,4,3,46.08,77.27,NF,cam,TRUE
19,5,3,46.08,77.27,NF,gourd,FALSE
19,6,3,46.08,77.27,NF,sieve,TRUE
19,7,3,46.08,77.27,NF,helm,FALSE
20,1,3,37.56,63.64,FF,flower,TRUE
20,2,3,37.56,63.64,FF,pretzel,TRUE
20,3,3,37.56,63.64,FF,bowl,TRUE
20,4,3,37.56,63.64,NF,disk,TRUE
20,5,3,37.56,63.64,NF,kettle,TRUE
20,6,3,37.56,63.64,NF,gourd,TRUE
20,7,3,37.56,63.64,NF,funnel,TRUE
21,1,2,34.92,68.18,FF,cookie,TRUE
21,2,2,34.92,68.18,FF,guitar,TRUE
21,3,2,34.92,68.18,FF,balloon,TRUE
21,4,2,34.92,68.18,NF,kumquat,FALSE
21,5,2,34.92,68.18,NF,okra,TRUE
21,6,2,34.92,68.18,NF,tongs,TRUE
21,7,2,34.92,68.18,NF,kettle,FALSE
22,1,2,31.08,81.82,FF,guitar,TRUE
22,2,2,31.08,81.82,FF,pretzel,TRUE
22,3,2,31.08,81.82,FF,bucket,TRUE
22,4,2,31.08,81.82,NF,leek,TRUE
22,5,2,31.08,81.82,NF,radish,TRUE
22,6,2,31.08,81.82,NF,kettle,TRUE
22,7,2,31.08,81.82,NF,fig,TRUE
23,1,2,33.599999999999994,45.45,FF,apple,TRUE
23,2,2,33.599999999999994,45.45,FF,balloon,TRUE
23,3,2,33.599999999999994,45.45,FF,bottle,TRUE
23,4,2,33.599999999999994,45.45,NF,kumquat,FALSE
23,5,2,33.599999999999994,45.45,NF,helm,TRUE
23,6,2,33.599999999999994,45.45,NF,cam,TRUE
23,7,2,33.599999999999994,45.45,NF,longan,TRUE
24,1,2,33.36,59.09,FF,spoon,TRUE
24,2,2,33.36,59.09,FF,shoe,TRUE
24,3,2,33.36,59.09,FF,apple,TRUE
24,4,2,33.36,59.09,NF,longan,FALSE
24,5,2,33.36,59.09,NF,cam,TRUE
24,6,2,33.36,59.09,NF,helm,FALSE
24,7,2,33.36,59.09,NF,luffa,TRUE
25,1,3,44.76,81.82,FF,cookie,TRUE
25,2,3,44.76,81.82,FF,bowl,TRUE
25,3,3,44.76,81.82,FF,flower,TRUE
25,4,3,44.76,81.82,NF,bok-choy,TRUE
25,5,3,44.76,81.82,NF,ginger,TRUE
25,6,3,44.76,81.82,NF,beaker,TRUE
25,7,3,44.76,81.82,NF,tongs,TRUE
26,1,3,42.24,68.18,FF,apple,TRUE
26,2,3,42.24,68.18,FF,flower,TRUE
26,3,3,42.24,68.18,FF,guitar,TRUE
26,4,3,42.24,68.18,NF,bung,TRUE
26,5,3,42.24,68.18,NF,sieve,TRUE
26,6,3,42.24,68.18,NF,chestnut,TRUE
26,7,3,42.24,68.18,NF,funnel,TRUE
27,1,2,27.96,63.64,FF,bowl,FALSE
27,2,2,27.96,63.64,FF,apple,TRUE
27,3,2,27.96,63.64,FF,cup,FALSE
27,4,2,27.96,63.64,NF,radish,TRUE
28,1,2,28.200000000000003,68.18,FF,ball,FALSE
28,2,2,28.200000000000003,68.18,FF,apple,TRUE
28,3,2,28.200000000000003,68.18,FF,bucket,TRUE
28,4,2,28.200000000000003,68.18,NF,longan,FALSE
28,5,2,28.200000000000003,68.18,NF,bung,FALSE
28,6,2,28.200000000000003,68.18,NF,tongs,TRUE
28,7,2,28.200000000000003,68.18,NF,leek,TRUE
29,1,3,47.519999999999996,54.55,FF,banana,TRUE
29,2,3,47.519999999999996,54.55,FF,shoe,TRUE
29,3,3,47.519999999999996,54.55,FF,bottle,FALSE
29,4,3,47.519999999999996,54.55,NF,kettle,TRUE
29,5,3,47.519999999999996,54.55,NF,bok-choy,TRUE
29,6,3,47.519999999999996,54.55,NF,cam,TRUE
29,7,3,47.519999999999996,54.55,NF,funnel,TRUE
30,1,2,24.839999999999996,42.86,FF,balloon,FALSE
30,2,2,24.839999999999996,42.86,FF,pretzel,FALSE
30,3,2,24.839999999999996,42.86,FF,shoe,TRUE
30,4,2,24.839999999999996,42.86,NF,chestnut,TRUE
30,5,2,24.839999999999996,42.86,NF,longan,TRUE
30,6,2,24.839999999999996,42.86,NF,radish,FALSE
30,7,2,24.839999999999996,42.86,NF,kettle,TRUE
31,1,4,56.760000000000005,80.95,FF,spoon,TRUE
31,2,4,56.760000000000005,80.95,FF,pretzel,TRUE
31,3,4,56.760000000000005,80.95,FF,flower,TRUE
31,4,4,56.760000000000005,80.95,NF,ladle,TRUE
31,5,4,56.760000000000005,80.95,NF,fig,TRUE
31,6,4,56.760000000000005,80.95,NF,chestnut,TRUE
31,7,4,56.760000000000005,80.95,NF,bok-choy,TRUE
32,1,2,29.400000000000002,76.19,FF,bottle,TRUE
32,2,2,29.400000000000002,76.19,FF,banana,TRUE
32,3,2,29.400000000000002,76.19,FF,cup,FALSE
32,4,2,29.400000000000002,76.19,NF,helm,TRUE
32,5,2,29.400000000000002,76.19,NF,pipette,TRUE
32,6,2,29.400000000000002,76.19,NF,leek,TRUE
32,7,2,29.400000000000002,76.19,NF,dulcimer,TRUE
33,1,3,36.599999999999994,80.95,FF,flower,TRUE
33,2,3,36.599999999999994,80.95,FF,balloon,TRUE
33,3,3,36.599999999999994,80.95,FF,banana,TRUE
33,4,3,36.599999999999994,80.95,NF,tongs,TRUE
33,5,3,36.599999999999994,80.95,NF,funnel,TRUE
33,6,3,36.599999999999994,80.95,NF,chestnut,TRUE
33,7,3,36.599999999999994,80.95,NF,fig,TRUE
34,1,3,44.76,76.19,FF,guitar,TRUE
34,2,3,44.76,76.19,FF,bowl,TRUE
34,3,3,44.76,76.19,FF,cookie,TRUE
34,4,3,44.76,76.19,NF,funnel,FALSE
34,5,3,44.76,76.19,NF,helm,TRUE
34,6,3,44.76,76.19,NF,kettle,TRUE
34,7,3,44.76,76.19,NF,ladle,TRUE
35,1,3,44.400000000000006,62.79,FF,cup,TRUE
35,2,3,44.400000000000006,62.79,FF,banana,TRUE
35,3,3,44.400000000000006,62.79,FF,ball,TRUE
36,1,2,31.799999999999997,59.09,FF,pretzel,FALSE
36,2,2,31.799999999999997,59.09,FF,cup,FALSE
36,3,2,31.799999999999997,59.09,FF,balloon,TRUE
36,4,2,31.799999999999997,59.09,NF,whisk,TRUE
36,5,2,31.799999999999997,59.09,NF,dulcimer,TRUE
36,6,2,31.799999999999997,59.09,NF,kumquat,TRUE
36,7,2,31.799999999999997,59.09,NF,gourd,TRUE
37,1,3,46.44,86.36,FF,cup,TRUE
37,2,3,46.44,86.36,FF,banana,TRUE
37,3,3,46.44,86.36,FF,flower,TRUE
37,4,3,46.44,86.36,NF,whisk,TRUE
37,5,3,46.44,86.36,NF,chestnut,TRUE
37,6,3,46.44,86.36,NF,fig,TRUE
37,7,3,46.44,86.36,NF,disk,TRUE
38,1,2,32.64,72.73,FF,guitar,TRUE
38,2,2,32.64,72.73,FF,balloon,FALSE
38,3,2,32.64,72.73,FF,cookie,TRUE
38,4,2,32.64,72.73,NF,bung,TRUE
38,5,2,32.64,72.73,NF,kumquat,TRUE
38,6,2,32.64,72.73,NF,gourd,TRUE
38,7,2,32.64,72.73,NF,whisk,TRUE
39,1,2,30,68.18,FF,bucket,TRUE
39,2,2,30,68.18,FF,bowl,TRUE
39,3,2,30,68.18,FF,banana,TRUE
39,4,2,30,68.18,NF,bung,TRUE
39,5,2,30,68.18,NF,kumquat,TRUE
39,6,2,30,68.18,NF,longan,TRUE
39,7,2,30,68.18,NF,beaker,TRUE
40,1,3,40.56,59.09,FF,guitar,FALSE
40,2,3,40.56,59.09,FF,bottle,TRUE
40,3,3,40.56,59.09,FF,pretzel,FALSE
40,4,3,40.56,59.09,NF,gourd,TRUE
41,1,3,39.72,77.27,FF,bucket,TRUE
41,2,3,39.72,77.27,FF,pretzel,TRUE
41,3,3,39.72,77.27,FF,bowl,FALSE
41,4,3,39.72,77.27,NF,luffa,FALSE
41,5,3,39.72,77.27,NF,helm,TRUE
41,6,3,39.72,77.27,NF,disk,TRUE
41,7,3,39.72,77.27,NF,pipette,TRUE
42,1,3,44.519999999999996,66.67,FF,guitar,TRUE
42,2,3,44.519999999999996,66.67,FF,banana,TRUE
42,3,3,44.519999999999996,66.67,FF,shoe,TRUE
42,4,3,44.519999999999996,66.67,NF,fig,TRUE
42,5,3,44.519999999999996,66.67,NF,sieve,TRUE
42,6,3,44.519999999999996,66.67,NF,ladle,TRUE
42,7,3,44.519999999999996,66.67,NF,bok-choy,TRUE
43,1,2,28.56,52.38,FF,bucket,TRUE
43,2,2,28.56,52.38,FF,bowl,FALSE
43,3,2,28.56,52.38,FF,cookie,TRUE
43,4,2,28.56,52.38,NF,beaker,FALSE
43,5,2,28.56,52.38,NF,longan,FALSE
43,6,2,28.56,52.38,NF,cam,TRUE
43,7,2,28.56,52.38,NF,chestnut,FALSE
44,1,3,43.68,76.19,FF,cookie,TRUE
44,2,3,43.68,76.19,FF,shoe,TRUE
44,3,3,43.68,76.19,FF,bottle,TRUE
44,4,3,43.68,76.19,NF,helm,TRUE
44,5,3,43.68,76.19,NF,bung,TRUE
44,6,3,43.68,76.19,NF,bok-choy,TRUE
44,7,3,43.68,76.19,NF,luffa,TRUE
45,1,2,30,71.43,FF,ball,TRUE
45,2,2,30,71.43,FF,guitar,TRUE
45,3,2,30,71.43,FF,apple,TRUE
45,4,2,30,71.43,NF,kettle,TRUE
45,5,2,30,71.43,NF,bok-choy,TRUE
45,6,2,30,71.43,NF,whisk,TRUE
45,7,2,30,71.43,NF,leek,TRUE
46,1,3,40.8,61.9,FF,spoon,TRUE
46,2,3,40.8,61.9,FF,pretzel,TRUE
46,3,3,40.8,61.9,FF,ball,TRUE
46,4,3,40.8,61.9,NF,chestnut,TRUE
46,5,3,40.8,61.9,NF,ginger,TRUE
46,6,3,40.8,61.9,NF,kumquat,TRUE
46,7,3,40.8,61.9,NF,pipette,TRUE
47,1,3,47.76,76.74,FF,flower,TRUE
47,2,3,47.76,76.74,FF,spoon,TRUE
47,3,3,47.76,76.74,FF,pretzel,TRUE
47,4,3,47.76,76.74,NF,whisk,FALSE
47,5,3,47.76,76.74,NF,cam,TRUE
47,6,3,47.76,76.74,NF,tongs,TRUE
47,7,3,47.76,76.74,NF,radish,TRUE
48,1,3,47.88,72.73,FF,cup,TRUE
48,2,3,47.88,72.73,FF,balloon,TRUE
48,3,3,47.88,72.73,FF,banana,TRUE
48,4,3,47.88,72.73,NF,kumquat,TRUE
48,5,3,47.88,72.73,NF,pipette,TRUE
48,6,3,47.88,72.73,NF,tongs,TRUE
48,7,3,47.88,72.73,NF,beaker,TRUE
49,1,2,27,31.82,FF,bowl,TRUE
49,2,2,27,31.82,FF,pretzel,TRUE
49,3,2,27,31.82,FF,bottle,FALSE
49,4,2,27,31.82,NF,radish,FALSE
49,5,2,27,31.82,NF,whisk,TRUE
49,6,2,27,31.82,NF,funnel,FALSE
49,7,2,27,31.82,NF,luffa,FALSE
50,1,3,36.480000000000004,72.73,FF,pretzel,TRUE
50,2,3,36.480000000000004,72.73,FF,shoe,TRUE
50,3,3,36.480000000000004,72.73,FF,bucket,TRUE
50,4,3,36.480000000000004,72.73,NF,ginger,TRUE
50,5,3,36.480000000000004,72.73,NF,dulcimer,TRUE
50,6,3,36.480000000000004,72.73,NF,pipette,TRUE
50,7,3,36.480000000000004,72.73,NF,bung,TRUE
51,1,4,59.28,71.43,FF,spoon,TRUE
51,2,4,59.28,71.43,FF,apple,TRUE
51,3,4,59.28,71.43,FF,bottle,TRUE
51,4,4,59.28,71.43,NF,leek,TRUE
51,5,4,59.28,71.43,NF,longan,TRUE
51,6,4,59.28,71.43,NF,kettle,TRUE
51,7,4,59.28,71.43,NF,radish,TRUE
52,1,3,38.28,71.43,FF,cookie,TRUE
52,2,3,38.28,71.43,FF,ball,TRUE
52,3,3,38.28,71.43,FF,guitar,TRUE
52,4,3,38.28,71.43,NF,fig,TRUE
52,5,3,38.28,71.43,NF,sieve,TRUE
52,6,3,38.28,71.43,NF,kettle,TRUE
52,7,3,38.28,71.43,NF,disk,TRUE
53,1,3,43.32,80.95,FF,balloon,TRUE
53,2,3,43.32,80.95,FF,flower,TRUE
53,3,3,43.32,80.95,FF,pretzel,TRUE
53,4,3,43.32,80.95,NF,helm,TRUE
53,5,3,43.32,80.95,NF,dulcimer,TRUE
53,6,3,43.32,80.95,NF,radish,TRUE
53,7,3,43.32,80.95,NF,ginger,TRUE
54,1,2,29.880000000000003,85.71,FF,apple,TRUE
54,2,2,29.880000000000003,85.71,FF,bottle,TRUE
54,3,2,29.880000000000003,85.71,FF,flower,FALSE
54,4,2,29.880000000000003,85.71,NF,tongs,TRUE
54,5,2,29.880000000000003,85.71,NF,helm,TRUE
54,6,2,29.880000000000003,85.71,NF,longan,TRUE
54,7,2,29.880000000000003,85.71,NF,sieve,TRUE
55,1,2,35.519999999999996,77.27,FF,guitar,TRUE
55,2,2,35.519999999999996,77.27,FF,bucket,TRUE
55,3,2,35.519999999999996,77.27,FF,apple,TRUE
55,4,2,35.519999999999996,77.27,NF,chestnut,TRUE
55,5,2,35.519999999999996,77.27,NF,luffa,TRUE
55,6,2,35.519999999999996,77.27,NF,okra,TRUE
55,7,2,35.519999999999996,77.27,NF,kettle,TRUE
56,1,3,41.64,63.64,FF,apple,TRUE
56,2,3,41.64,63.64,FF,cup,TRUE
56,3,3,41.64,63.64,FF,guitar,TRUE
56,4,3,41.64,63.64,NF,cam,TRUE
56,5,3,41.64,63.64,NF,ginger,TRUE
56,6,3,41.64,63.64,NF,dulcimer,TRUE
56,7,3,41.64,63.64,NF,luffa,TRUE
57,1,3,44.400000000000006,68.18,FF,ball,TRUE
57,2,3,44.400000000000006,68.18,FF,flower,TRUE
57,3,3,44.400000000000006,68.18,FF,cookie,TRUE
57,4,3,44.400000000000006,68.18,NF,helm,TRUE
57,5,3,44.400000000000006,68.18,NF,pipette,FALSE
57,6,3,44.400000000000006,68.18,NF,luffa,TRUE
57,7,3,44.400000000000006,68.18,NF,gourd,FALSE
58,1,3,46.8,77.27,FF,flower,TRUE
58,2,3,46.8,77.27,FF,banana,TRUE
58,3,3,46.8,77.27,FF,spoon,TRUE
58,4,3,46.8,77.27,NF,whisk,TRUE
58,5,3,46.8,77.27,NF,kumquat,TRUE
58,6,3,46.8,77.27,NF,okra,TRUE
58,7,3,46.8,77.27,NF,chestnut,FALSE
59,1,3,37.68,45.45,FF,pretzel,TRUE
59,2,3,37.68,45.45,FF,ball,FALSE
59,3,3,37.68,45.45,FF,balloon,TRUE
59,4,3,37.68,45.45,NF,disk,TRUE
59,5,3,37.68,45.45,NF,helm,TRUE
59,6,3,37.68,45.45,NF,whisk,FALSE
59,7,3,37.68,45.45,NF,luffa,FALSE
60,1,2,35.88,45.45,FF,bucket,TRUE
60,2,2,35.88,45.45,FF,bottle,FALSE
60,3,2,35.88,45.45,FF,apple,TRUE
60,4,2,35.88,45.45,NF,sieve,TRUE
60,5,2,35.88,45.45,NF,helm,TRUE
60,6,2,35.88,45.45,NF,kettle,TRUE
60,7,2,35.88,45.45,NF,chestnut,FALSE
61,1,3,43.32,54.55,FF,bowl,TRUE
61,2,3,43.32,54.55,FF,balloon,FALSE
61,3,3,43.32,54.55,FF,pretzel,TRUE
61,4,3,43.32,54.55,NF,luffa,TRUE
61,5,3,43.32,54.55,NF,tongs,FALSE
61,6,3,43.32,54.55,NF,cam,TRUE
62,1,3,41.04,40.91,FF,guitar,FALSE
62,2,3,41.04,40.91,FF,cup,FALSE
62,3,3,41.04,40.91,FF,banana,TRUE
62,4,3,41.04,40.91,NF,luffa,TRUE
62,5,3,41.04,40.91,NF,pipette,FALSE
62,6,3,41.04,40.91,NF,leek,FALSE
62,7,3,41.04,40.91,NF,dulcimer,FALSE
63,1,3,46.2,81.82,FF,shoe,TRUE
63,2,3,46.2,81.82,FF,cup,TRUE
63,3,3,46.2,81.82,FF,cookie,TRUE
63,4,3,46.2,81.82,NF,whisk,TRUE
63,5,3,46.2,81.82,NF,bok-choy,TRUE
63,6,3,46.2,81.82,NF,tongs,TRUE
63,7,3,46.2,81.82,NF,fig,TRUE
64,1,3,36.24,77.27,FF,guitar,TRUE
64,2,3,36.24,77.27,FF,apple,TRUE
64,3,3,36.24,77.27,FF,shoe,TRUE
64,4,3,36.24,77.27,NF,pipette,TRUE
64,5,3,36.24,77.27,NF,beaker,TRUE
64,6,3,36.24,77.27,NF,bung,TRUE
64,7,3,36.24,77.27,NF,kettle,TRUE
65,1,3,40.08,81.82,FF,balloon,TRUE
65,2,3,40.08,81.82,FF,shoe,TRUE
65,3,3,40.08,81.82,FF,pretzel,TRUE
65,4,3,40.08,81.82,NF,dulcimer,TRUE
65,5,3,40.08,81.82,NF,funnel,TRUE
65,6,3,40.08,81.82,NF,ginger,TRUE
65,7,3,40.08,81.82,NF,bung,TRUE
66,1,2,27.96,59.09,FF,guitar,TRUE
66,2,2,27.96,59.09,FF,balloon,TRUE
66,3,2,27.96,59.09,FF,cookie,TRUE
66,4,2,27.96,59.09,NF,beaker,TRUE
66,5,2,27.96,59.09,NF,kumquat,FALSE
66,6,2,27.96,59.09,NF,dulcimer,TRUE
66,7,2,27.96,59.09,NF,leek,TRUE
67,1,3,39.24,54.55,FF,ball,TRUE
67,2,3,39.24,54.55,FF,guitar,FALSE
67,3,3,39.24,54.55,FF,cookie,TRUE
67,4,3,39.24,54.55,NF,kumquat,TRUE
67,5,3,39.24,54.55,NF,bok-choy,TRUE
67,6,3,39.24,54.55,NF,kettle,TRUE
67,7,3,39.24,54.55,NF,disk,TRUE
68,1,3,36.72,63.64,FF,balloon,TRUE
68,2,3,36.72,63.64,FF,shoe,TRUE
68,3,3,36.72,63.64,FF,cookie,TRUE
68,4,3,36.72,63.64,NF,disk,TRUE
68,5,3,36.72,63.64,NF,kettle,TRUE
68,6,3,36.72,63.64,NF,longan,TRUE
68,7,3,36.72,63.64,NF,funnel,TRUE
69,1,2,30.599999999999998,68.18,FF,ball,TRUE
69,2,2,30.599999999999998,68.18,FF,banana,TRUE
69,3,2,30.599999999999998,68.18,FF,guitar,TRUE
69,4,2,30.599999999999998,68.18,NF,beaker,TRUE
69,5,2,30.599999999999998,68.18,NF,funnel,FALSE
69,6,2,30.599999999999998,68.18,NF,bung,TRUE
69,7,2,30.599999999999998,68.18,NF,sieve,TRUE
70,1,3,45.72,81.82,FF,flower,TRUE
70,2,3,45.72,81.82,FF,spoon,TRUE
70,3,3,45.72,81.82,FF,banana,TRUE
70,4,3,45.72,81.82,NF,gourd,TRUE
70,5,3,45.72,81.82,NF,luffa,TRUE
70,6,3,45.72,81.82,NF,tongs,TRUE
70,7,3,45.72,81.82,NF,kettle,TRUE
71,1,2,31.32,77.27,FF,cup,TRUE
71,2,2,31.32,77.27,FF,balloon,TRUE
71,3,2,31.32,77.27,FF,apple,TRUE
71,4,2,31.32,77.27,NF,funnel,TRUE
71,5,2,31.32,77.27,NF,longan,TRUE
71,6,2,31.32,77.27,NF,leek,TRUE
71,7,2,31.32,77.27,NF,tongs,TRUE
72,1,3,39.36,86.36,FF,spoon,TRUE
72,2,3,39.36,86.36,FF,bottle,TRUE
72,3,3,39.36,86.36,FF,banana,TRUE
72,4,3,39.36,86.36,NF,ladle,TRUE
72,5,3,39.36,86.36,NF,radish,TRUE
72,6,3,39.36,86.36,NF,okra,TRUE
72,7,3,39.36,86.36,NF,kettle,TRUE
73,1,2,32.400000000000006,45.45,FF,shoe,TRUE
73,2,2,32.400000000000006,45.45,FF,spoon,TRUE
73,3,2,32.400000000000006,45.45,FF,cookie,TRUE
73,4,2,32.400000000000006,45.45,NF,disk,FALSE
73,5,2,32.400000000000006,45.45,NF,gourd,TRUE
73,6,2,32.400000000000006,45.45,NF,fig,TRUE
73,7,2,32.400000000000006,45.45,NF,okra,TRUE
74,1,4,57.239999999999995,81.82,FF,spoon,TRUE
74,2,4,57.239999999999995,81.82,FF,shoe,TRUE
74,3,4,57.239999999999995,81.82,FF,apple,TRUE
74,4,4,57.239999999999995,81.82,NF,ladle,TRUE
74,5,4,57.239999999999995,81.82,NF,leek,TRUE
74,6,4,57.239999999999995,81.82,NF,pipette,TRUE
74,7,4,57.239999999999995,81.82,NF,fig,TRUE
75,1,3,43.44,81.82,FF,bowl,TRUE
75,2,3,43.44,81.82,FF,apple,TRUE
75,3,3,43.44,81.82,FF,ball,TRUE
75,4,3,43.44,81.82,NF,disk,TRUE
75,5,3,43.44,81.82,NF,bung,TRUE
75,6,3,43.44,81.82,NF,luffa,TRUE
75,7,3,43.44,81.82,NF,funnel,TRUE
76,1,3,37.8,90.91,FF,bucket,TRUE
76,2,3,37.8,90.91,FF,pretzel,TRUE
76,3,3,37.8,90.91,FF,balloon,TRUE
76,4,3,37.8,90.91,NF,chestnut,TRUE
76,5,3,37.8,90.91,NF,ladle,TRUE
76,6,3,37.8,90.91,NF,ginger,TRUE
76,7,3,37.8,90.91,NF,okra,TRUE
77,1,2,33.24,77.27,FF,apple,TRUE
77,2,2,33.24,77.27,FF,bowl,TRUE
77,3,2,33.24,77.27,FF,balloon,TRUE
77,4,2,33.24,77.27,NF,funnel,TRUE
77,5,2,33.24,77.27,NF,radish,TRUE
77,6,2,33.24,77.27,NF,pipette,TRUE
77,7,2,33.24,77.27,NF,kettle,TRUE
78,1,3,39.12,86.36,FF,spoon,TRUE
78,2,3,39.12,86.36,FF,apple,TRUE
78,3,3,39.12,86.36,FF,balloon,FALSE
78,4,3,39.12,86.36,NF,funnel,TRUE
78,5,3,39.12,86.36,NF,helm,TRUE
78,6,3,39.12,86.36,NF,chestnut,TRUE
78,7,3,39.12,86.36,NF,longan,TRUE
79,1,3,42.24,40.91,FF,banana,TRUE
79,2,3,42.24,40.91,FF,flower,TRUE
79,3,3,42.24,40.91,FF,cup,TRUE
79,4,3,42.24,40.91,NF,beaker,TRUE
79,5,3,42.24,40.91,NF,ginger,TRUE
79,6,3,42.24,40.91,NF,luffa,FALSE
79,7,3,42.24,40.91,NF,bung,TRUE
80,1,2,28.92,68.18,FF,cookie,TRUE
80,2,2,28.92,68.18,FF,flower,TRUE
80,3,2,28.92,68.18,FF,guitar,TRUE
80,4,2,28.92,68.18,NF,ginger,TRUE
80,5,2,28.92,68.18,NF,tongs,TRUE
80,6,2,28.92,68.18,NF,pipette,TRUE
80,7,2,28.92,68.18,NF,disk,TRUE
81,1,2,30.36,72.73,FF,balloon,TRUE
81,2,2,30.36,72.73,FF,bottle,TRUE
81,3,2,30.36,72.73,FF,cookie,TRUE
81,4,2,30.36,72.73,NF,tongs,TRUE
81,5,2,30.36,72.73,NF,gourd,TRUE
81,6,2,30.36,72.73,NF,cam,TRUE
81,7,2,30.36,72.73,NF,funnel,TRUE
82,1,2,32.28,63.64,FF,apple,TRUE
82,2,2,32.28,63.64,FF,spoon,TRUE
82,3,2,32.28,63.64,FF,balloon,TRUE
82,4,2,32.28,63.64,NF,leek,TRUE
82,5,2,32.28,63.64,NF,cam,TRUE
82,6,2,32.28,63.64,NF,okra,FALSE
82,7,2,32.28,63.64,NF,dulcimer,TRUE
83,1,3,41.64,68.18,FF,bucket,TRUE
83,2,3,41.64,68.18,FF,banana,TRUE
83,3,3,41.64,68.18,FF,spoon,TRUE
83,4,3,41.64,68.18,NF,helm,TRUE
83,5,3,41.64,68.18,NF,beaker,TRUE
83,6,3,41.64,68.18,NF,disk,TRUE
83,7,3,41.64,68.18,NF,longan,TRUE
84,1,3,36.480000000000004,59.09,FF,pretzel,TRUE
84,2,3,36.480000000000004,59.09,FF,spoon,FALSE
84,3,3,36.480000000000004,59.09,FF,cup,FALSE
84,4,3,36.480000000000004,59.09,NF,bok-choy,TRUE
84,5,3,36.480000000000004,59.09,NF,kettle,TRUE
84,6,3,36.480000000000004,59.09,NF,luffa,TRUE
84,7,3,36.480000000000004,59.09,NF,kumquat,TRUE
85,1,3,42.839999999999996,59.09,FF,guitar,TRUE
85,2,3,42.839999999999996,59.09,FF,flower,TRUE
85,3,3,42.839999999999996,59.09,FF,apple,TRUE
85,4,3,42.839999999999996,59.09,NF,bung,TRUE
85,5,3,42.839999999999996,59.09,NF,kettle,TRUE
85,6,3,42.839999999999996,59.09,NF,chestnut,TRUE
85,7,3,42.839999999999996,59.09,NF,longan,TRUE
86,1,3,36.96,86.36,FF,pretzel,TRUE
86,2,3,36.96,86.36,FF,shoe,TRUE
86,3,3,36.96,86.36,FF,balloon,TRUE
86,4,3,36.96,86.36,NF,cam,FALSE
86,5,3,36.96,86.36,NF,whisk,TRUE
86,6,3,36.96,86.36,NF,pipette,TRUE
86,7,3,36.96,86.36,NF,radish,TRUE
87,1,3,42.36,86.36,FF,spoon,TRUE
87,2,3,42.36,86.36,FF,balloon,TRUE
87,3,3,42.36,86.36,FF,banana,TRUE
87,4,3,42.36,86.36,NF,luffa,TRUE
87,5,3,42.36,86.36,NF,ladle,TRUE
87,6,3,42.36,86.36,NF,cam,TRUE
87,7,3,42.36,86.36,NF,sieve,TRUE
88,1,2,27.119999999999997,54.55,FF,guitar,TRUE
88,2,2,27.119999999999997,54.55,FF,ball,TRUE
88,3,2,27.119999999999997,54.55,FF,cookie,TRUE
88,4,2,27.119999999999997,54.55,NF,dulcimer,FALSE
88,5,2,27.119999999999997,54.55,NF,tongs,FALSE
88,6,2,27.119999999999997,54.55,NF,whisk,TRUE
88,7,2,27.119999999999997,54.55,NF,chestnut,TRUE
89,1,3,44.28,77.27,FF,apple,TRUE
89,2,3,44.28,77.27,FF,flower,TRUE
89,3,3,44.28,77.27,FF,bowl,FALSE
89,4,3,44.28,77.27,NF,whisk,TRUE
89,5,3,44.28,77.27,NF,pipette,TRUE
89,6,3,44.28,77.27,NF,leek,TRUE
89,7,3,44.28,77.27,NF,radish,TRUE
90,1,3,46.8,59.09,FF,bowl,TRUE
90,2,3,46.8,59.09,FF,banana,TRUE
90,3,3,46.8,59.09,FF,bucket,TRUE
90,4,3,46.8,59.09,NF,dulcimer,TRUE
90,5,3,46.8,59.09,NF,sieve,TRUE
90,6,3,46.8,59.09,NF,kumquat,FALSE
90,7,3,46.8,59.09,NF,chestnut,TRUE
91,1,2,34.32,59.09,FF,ball,TRUE
91,2,2,34.32,59.09,FF,guitar,TRUE
91,3,2,34.32,59.09,FF,banana,TRUE
91,4,2,34.32,59.09,NF,longan,TRUE
91,5,2,34.32,59.09,NF,gourd,FALSE
91,6,2,34.32,59.09,NF,luffa,FALSE
91,7,2,34.32,59.09,NF,beaker,FALSE
92,1,3,39.480000000000004,86.36,FF,ball,TRUE
92,2,3,39.480000000000004,86.36,FF,cookie,TRUE
92,3,3,39.480000000000004,86.36,FF,bowl,TRUE
92,4,3,39.480000000000004,86.36,NF,tongs,TRUE
92,5,3,39.480000000000004,86.36,NF,helm,TRUE
92,6,3,39.480000000000004,86.36,NF,whisk,TRUE
92,7,3,39.480000000000004,86.36,NF,pipette,TRUE
93,1,3,38.160000000000004,68.18,FF,pretzel,TRUE
93,2,3,38.160000000000004,68.18,FF,shoe,TRUE
93,3,3,38.160000000000004,68.18,FF,balloon,TRUE
93,4,3,38.160000000000004,68.18,NF,bung,TRUE
93,5,3,38.160000000000004,68.18,NF,fig,TRUE
93,6,3,38.160000000000004,68.18,NF,disk,TRUE
93,7,3,38.160000000000004,68.18,NF,funnel,FALSE
94,1,2,26.28,54.55,FF,cup,TRUE
94,2,2,26.28,54.55,FF,apple,TRUE
94,3,2,26.28,54.55,FF,bucket,TRUE
94,4,2,26.28,54.55,NF,chestnut,TRUE
94,5,2,26.28,54.55,NF,disk,TRUE
94,6,2,26.28,54.55,NF,longan,TRUE
94,7,2,26.28,54.55,NF,okra,TRUE
95,1,2,35.400000000000006,68.18,FF,cup,FALSE
95,2,2,35.400000000000006,68.18,FF,banana,TRUE
95,3,2,35.400000000000006,68.18,FF,flower,TRUE
95,4,2,35.400000000000006,68.18,NF,sieve,TRUE
95,5,2,35.400000000000006,68.18,NF,whisk,TRUE
95,6,2,35.400000000000006,68.18,NF,pipette,TRUE
95,7,2,35.400000000000006,68.18,NF,cam,TRUE
96,1,2,31.68,54.55,FF,banana,FALSE
96,2,2,31.68,54.55,FF,shoe,TRUE
96,3,2,31.68,54.55,FF,ball,TRUE
96,4,2,31.68,54.55,NF,funnel,TRUE
96,5,2,31.68,54.55,NF,ginger,TRUE
96,6,2,31.68,54.55,NF,beaker,TRUE
96,7,2,31.68,54.55,NF,kumquat,TRUE
97,1,2,32.64,68.18,FF,bottle,TRUE
97,2,2,32.64,68.18,FF,shoe,TRUE
97,3,2,32.64,68.18,FF,cookie,TRUE
97,4,2,32.64,68.18,NF,whisk,TRUE
97,5,2,32.64,68.18,NF,helm,TRUE
97,6,2,32.64,68.18,NF,beaker,TRUE
97,7,2,32.64,68.18,NF,cam,TRUE
98,1,2,33.24,59.09,FF,bucket,TRUE
98,2,2,33.24,59.09,FF,guitar,TRUE
98,3,2,33.24,59.09,FF,pretzel,TRUE
98,4,2,33.24,59.09,NF,ladle,FALSE
98,5,2,33.24,59.09,NF,kumquat,TRUE
98,6,2,33.24,59.09,NF,leek,TRUE
98,7,2,33.24,59.09,NF,funnel,TRUE
99,1,3,41.04,86.36,FF,bucket,TRUE
99,2,3,41.04,86.36,FF,banana,TRUE
99,3,3,41.04,86.36,FF,spoon,TRUE
99,4,3,41.04,86.36,NF,gourd,TRUE
99,5,3,41.04,86.36,NF,dulcimer,TRUE
99,6,3,41.04,86.36,NF,funnel,TRUE
99,7,3,41.04,86.36,NF,luffa,TRUE
100,1,2,33.72,68.18,FF,bottle,FALSE
100,2,2,33.72,68.18,FF,cookie,TRUE
100,3,2,33.72,68.18,FF,flower,TRUE
100,4,2,33.72,68.18,NF,kumquat,TRUE
100,5,2,33.72,68.18,NF,bung,FALSE
100,6,2,33.72,68.18,NF,okra,TRUE
100,7,2,33.72,68.18,NF,cam,TRUE
101,1,3,40.08,86.36,FF,bucket,TRUE
101,2,3,40.08,86.36,FF,apple,TRUE
101,3,3,40.08,86.36,FF,spoon,TRUE
101,4,3,40.08,86.36,NF,whisk,TRUE
101,5,3,40.08,86.36,NF,sieve,FALSE
101,6,3,40.08,86.36,NF,ladle,TRUE
101,7,3,40.08,86.36,NF,cam,FALSE
102,1,3,40.08,90.91,FF,cookie,TRUE
102,2,3,40.08,90.91,FF,shoe,TRUE
102,3,3,40.08,90.91,FF,spoon,TRUE
102,4,3,40.08,90.91,NF,kettle,TRUE
102,5,3,40.08,90.91,NF,fig,TRUE
102,6,3,40.08,90.91,NF,cam,TRUE
102,7,3,40.08,90.91,NF,disk,TRUE
103,1,2,31.32,77.27,FF,bowl,TRUE
103,2,2,31.32,77.27,FF,cookie,TRUE
103,3,2,31.32,77.27,FF,ball,TRUE
103,4,2,31.32,77.27,NF,gourd,FALSE
103,5,2,31.32,77.27,NF,kumquat,TRUE
103,6,2,31.32,77.27,NF,okra,TRUE
103,7,2,31.32,77.27,NF,tongs,TRUE
104,1,3,37.32,90.91,FF,spoon,TRUE
104,2,3,37.32,90.91,FF,banana,TRUE
104,3,3,37.32,90.91,FF,bowl,TRUE
104,4,3,37.32,90.91,NF,funnel,TRUE
104,5,3,37.32,90.91,NF,leek,TRUE
104,6,3,37.32,90.91,NF,ladle,TRUE
104,7,3,37.32,90.91,NF,bok-choy,TRUE
105,1,3,38.04,81.82,FF,ball,TRUE
105,2,3,38.04,81.82,FF,balloon,TRUE
105,3,3,38.04,81.82,FF,cookie,TRUE
105,4,3,38.04,81.82,NF,fig,TRUE
105,5,3,38.04,81.82,NF,whisk,TRUE
105,6,3,38.04,81.82,NF,bung,TRUE
105,7,3,38.04,81.82,NF,chestnut,TRUE
106,1,3,44.04,63.64,FF,cookie,TRUE
106,2,3,44.04,63.64,FF,bucket,TRUE
106,3,3,44.04,63.64,FF,balloon,TRUE
106,4,3,44.04,63.64,NF,funnel,TRUE
106,5,3,44.04,63.64,NF,kumquat,TRUE
106,6,3,44.04,63.64,NF,leek,TRUE
106,7,3,44.04,63.64,NF,gourd,TRUE
107,1,3,42.480000000000004,63.64,FF,flower,TRUE
107,2,3,42.480000000000004,63.64,FF,pretzel,TRUE
107,3,3,42.480000000000004,63.64,FF,bowl,TRUE
107,4,3,42.480000000000004,63.64,NF,sieve,TRUE
107,5,3,42.480000000000004,63.64,NF,longan,TRUE
107,6,3,42.480000000000004,63.64,NF,luffa,TRUE
107,7,3,42.480000000000004,63.64,NF,leek,TRUE
108,1,3,44.04,68.18,FF,shoe,TRUE
108,2,3,44.04,68.18,FF,flower,TRUE
108,3,3,44.04,68.18,FF,cookie,TRUE
108,4,3,44.04,68.18,NF,dulcimer,FALSE
108,5,3,44.04,68.18,NF,pipette,TRUE
108,6,3,44.04,68.18,NF,ladle,TRUE
108,7,3,44.04,68.18,NF,tongs,TRUE
109,1,4,53.760000000000005,86.36,FF,banana,TRUE
109,2,4,53.760000000000005,86.36,FF,flower,TRUE
109,3,4,53.760000000000005,86.36,FF,bottle,TRUE
109,4,4,53.760000000000005,86.36,NF,kettle,TRUE
109,5,4,53.760000000000005,86.36,NF,tongs,TRUE
109,6,4,53.760000000000005,86.36,NF,pipette,TRUE
109,7,4,53.760000000000005,86.36,NF,ladle,TRUE
110,1,4,55.67999999999999,81.82,FF,shoe,TRUE
110,2,4,55.67999999999999,81.82,FF,spoon,TRUE
110,3,4,55.67999999999999,81.82,FF,pretzel,TRUE
110,4,4,55.67999999999999,81.82,NF,fig,TRUE
110,5,4,55.67999999999999,81.82,NF,sieve,TRUE
110,6,4,55.67999999999999,81.82,NF,beaker,TRUE
110,7,4,55.67999999999999,81.82,NF,leek,TRUE
111,1,3,44.400000000000006,77.27,FF,balloon,TRUE
111,2,3,44.400000000000006,77.27,FF,bowl,TRUE
111,3,3,44.400000000000006,77.27,FF,banana,TRUE
111,4,3,44.400000000000006,77.27,NF,cam,TRUE
111,5,3,44.400000000000006,77.27,NF,sieve,TRUE
111,6,3,44.400000000000006,77.27,NF,luffa,TRUE
111,7,3,44.400000000000006,77.27,NF,leek,TRUE
112,1,4,48,86.36,FF,ball,TRUE
112,2,4,48,86.36,FF,cookie,TRUE
112,3,4,48,86.36,FF,bowl,TRUE
112,4,4,48,86.36,NF,luffa,TRUE
112,5,4,48,86.36,NF,kettle,TRUE
112,6,4,48,86.36,NF,funnel,TRUE
112,7,4,48,86.36,NF,kumquat,TRUE
113,1,2,27.36,77.27,FF,bowl,TRUE
113,2,2,27.36,77.27,FF,spoon,TRUE
113,3,2,27.36,77.27,FF,apple,TRUE
113,4,2,27.36,77.27,NF,gourd,TRUE
113,5,2,27.36,77.27,NF,dulcimer,FALSE
113,6,2,27.36,77.27,NF,sieve,TRUE
113,7,2,27.36,77.27,NF,disk,TRUE
114,1,3,43.32,68.18,FF,bucket,TRUE
114,2,3,43.32,68.18,FF,guitar,TRUE
114,3,3,43.32,68.18,FF,banana,TRUE
114,4,3,43.32,68.18,NF,beaker,TRUE
114,5,3,43.32,68.18,NF,fig,TRUE
114,6,3,43.32,68.18,NF,kettle,TRUE
114,7,3,43.32,68.18,NF,ginger,TRUE
115,1,2,26.28,40.91,FF,cup,TRUE
115,2,2,26.28,40.91,FF,banana,TRUE
115,3,2,26.28,40.91,FF,guitar,TRUE
115,4,2,26.28,40.91,NF,dulcimer,TRUE
115,5,2,26.28,40.91,NF,pipette,FALSE
115,6,2,26.28,40.91,NF,radish,FALSE
115,7,2,26.28,40.91,NF,leek,TRUE
116,1,3,43.8,63.64,FF,apple,TRUE
116,2,3,43.8,63.64,FF,shoe,TRUE
116,3,3,43.8,63.64,FF,bucket,TRUE
116,4,3,43.8,63.64,NF,dulcimer,TRUE
116,5,3,43.8,63.64,NF,kumquat,TRUE
116,6,3,43.8,63.64,NF,funnel,TRUE
116,7,3,43.8,63.64,NF,pipette,TRUE
117,1,2,30.48,63.64,FF,bottle,FALSE
117,2,2,30.48,63.64,FF,banana,TRUE
117,3,2,30.48,63.64,FF,balloon,TRUE
117,4,2,30.48,63.64,NF,funnel,TRUE
117,5,2,30.48,63.64,NF,ginger,FALSE
117,6,2,30.48,63.64,NF,fig,TRUE
117,7,2,30.48,63.64,NF,gourd,TRUE
118,1,2,27.599999999999998,63.64,FF,bottle,TRUE
118,2,2,27.599999999999998,63.64,FF,spoon,TRUE
118,3,2,27.599999999999998,63.64,FF,cookie,TRUE
118,4,2,27.599999999999998,63.64,NF,dulcimer,TRUE
118,5,2,27.599999999999998,63.64,NF,kumquat,TRUE
118,6,2,27.599999999999998,63.64,NF,longan,TRUE
118,7,2,27.599999999999998,63.64,NF,whisk,TRUE
119,1,3,47.64,68.18,FF,spoon,FALSE
119,2,3,47.64,68.18,FF,cup,TRUE
119,3,3,47.64,68.18,FF,cookie,TRUE
119,4,3,47.64,68.18,NF,pipette,FALSE
119,5,3,47.64,68.18,NF,gourd,FALSE
119,6,3,47.64,68.18,NF,leek,FALSE
119,7,3,47.64,68.18,NF,tongs,TRUE
120,1,3,41.160000000000004,72.73,FF,bucket,TRUE
120,2,3,41.160000000000004,72.73,FF,bowl,TRUE
120,3,3,41.160000000000004,72.73,FF,cookie,TRUE
120,4,3,41.160000000000004,72.73,NF,okra,TRUE
120,5,3,41.160000000000004,72.73,NF,sieve,TRUE
120,6,3,41.160000000000004,72.73,NF,kumquat,TRUE
120,7,3,41.160000000000004,72.73,NF,bok-choy,TRUE
121,1,2,31.799999999999997,36.36,FF,banana,FALSE
121,2,2,31.799999999999997,36.36,FF,flower,TRUE
121,3,2,31.799999999999997,36.36,FF,spoon,TRUE
121,4,2,31.799999999999997,36.36,NF,chestnut,TRUE
121,5,2,31.799999999999997,36.36,NF,okra,FALSE
121,6,2,31.799999999999997,36.36,NF,luffa,FALSE
121,7,2,31.799999999999997,36.36,NF,ginger,TRUE
122,1,3,37.08,68.18,FF,shoe,TRUE
122,2,3,37.08,68.18,FF,bottle,FALSE
122,3,3,37.08,68.18,FF,apple,FALSE
122,4,3,37.08,68.18,NF,disk,TRUE
122,5,3,37.08,68.18,NF,ladle,TRUE
122,6,3,37.08,68.18,NF,kumquat,TRUE
122,7,3,37.08,68.18,NF,ginger,TRUE
123,1,3,39.599999999999994,81.82,FF,guitar,TRUE
123,2,3,39.599999999999994,81.82,FF,bucket,TRUE
123,3,3,39.599999999999994,81.82,FF,banana,TRUE
123,4,3,39.599999999999994,81.82,NF,leek,FALSE
123,5,3,39.599999999999994,81.82,NF,helm,FALSE
123,6,3,39.599999999999994,81.82,NF,chestnut,TRUE
123,7,3,39.599999999999994,81.82,NF,okra,TRUE
124,1,3,39.599999999999994,86.36,FF,bucket,TRUE
124,2,3,39.599999999999994,86.36,FF,pretzel,TRUE
124,3,3,39.599999999999994,86.36,FF,bottle,TRUE
124,4,3,39.599999999999994,86.36,NF,tongs,TRUE
124,5,3,39.599999999999994,86.36,NF,cam,TRUE
124,6,3,39.599999999999994,86.36,NF,pipette,TRUE
124,7,3,39.599999999999994,86.36,NF,leek,TRUE
125,1,2,24,50,FF,shoe,TRUE
125,2,2,24,50,FF,bowl,TRUE
125,3,2,24,50,FF,pretzel,TRUE
125,4,2,24,50,NF,gourd,FALSE
125,5,2,24,50,NF,fig,TRUE
125,6,2,24,50,NF,okra,TRUE
125,7,2,24,50,NF,tongs,TRUE
126,1,2,28.68,72.73,FF,pretzel,TRUE
126,2,2,28.68,72.73,FF,guitar,TRUE
126,3,2,28.68,72.73,FF,bucket,TRUE
126,4,2,28.68,72.73,NF,ladle,TRUE
126,5,2,28.68,72.73,NF,leek,FALSE
126,6,2,28.68,72.73,NF,cam,TRUE
126,7,2,28.68,72.73,NF,bok-choy,TRUE
127,1,2,34.2,59.09,FF,bowl,FALSE
127,2,2,34.2,59.09,FF,cookie,TRUE
127,3,2,34.2,59.09,FF,flower,TRUE
127,4,2,34.2,59.09,NF,whisk,TRUE
127,5,2,34.2,59.09,NF,longan,TRUE
127,6,2,34.2,59.09,NF,pipette,TRUE
127,7,2,34.2,59.09,NF,kumquat,TRUE
128,1,3,39,72.73,FF,shoe,TRUE
128,2,3,39,72.73,FF,bucket,TRUE
128,3,3,39,72.73,FF,apple,TRUE
128,4,3,39,72.73,NF,bok-choy,TRUE
128,5,3,39,72.73,NF,gourd,TRUE
128,6,3,39,72.73,NF,dulcimer,TRUE
128,7,3,39,72.73,NF,cam,TRUE
129,1,3,39,86.36,FF,spoon,TRUE
129,2,3,39,86.36,FF,bucket,TRUE
129,3,3,39,86.36,FF,banana,TRUE
129,4,3,39,86.36,NF,okra,TRUE
129,5,3,39,86.36,NF,funnel,TRUE
129,6,3,39,86.36,NF,ginger,TRUE
129,7,3,39,86.36,NF,chestnut,TRUE
130,1,2,24.240000000000002,68.18,FF,flower,TRUE
130,2,2,24.240000000000002,68.18,FF,spoon,TRUE
130,3,2,24.240000000000002,68.18,FF,pretzel,TRUE
130,4,2,24.240000000000002,68.18,NF,okra,TRUE
130,5,2,24.240000000000002,68.18,NF,dulcimer,FALSE
130,6,2,24.240000000000002,68.18,NF,disk,TRUE
130,7,2,24.240000000000002,68.18,NF,ginger,TRUE
131,1,3,36.24,36.36,FF,bucket,TRUE
131,2,3,36.24,36.36,FF,cookie,FALSE
131,3,3,36.24,36.36,FF,balloon,FALSE
131,4,3,36.24,36.36,NF,whisk,TRUE
131,5,3,36.24,36.36,NF,longan,FALSE
131,6,3,36.24,36.36,NF,funnel,FALSE
131,7,3,36.24,36.36,NF,dulcimer,TRUE
132,1,3,42.24,54.55,FF,ball,FALSE
132,2,3,42.24,54.55,FF,cookie,TRUE
132,3,3,42.24,54.55,FF,bottle,FALSE
132,4,3,42.24,54.55,NF,luffa,FALSE
132,5,3,42.24,54.55,NF,cam,TRUE
132,6,3,42.24,54.55,NF,bok-choy,TRUE
132,7,3,42.24,54.55,NF,leek,TRUE
133,1,2,30.96,63.64,FF,apple,TRUE
133,2,2,30.96,63.64,FF,ball,TRUE
133,3,2,30.96,63.64,FF,guitar,TRUE
133,4,2,30.96,63.64,NF,gourd,FALSE
133,5,2,30.96,63.64,NF,chestnut,TRUE
133,6,2,30.96,63.64,NF,ladle,TRUE
133,7,2,30.96,63.64,NF,funnel,TRUE
134,1,2,34.92,68.18,FF,ball,TRUE
134,2,2,34.92,68.18,FF,bowl,TRUE
134,3,2,34.92,68.18,FF,apple,TRUE
134,4,2,34.92,68.18,NF,leek,TRUE
134,5,2,34.92,68.18,NF,ginger,TRUE
134,6,2,34.92,68.18,NF,whisk,TRUE
134,7,2,34.92,68.18,NF,gourd,TRUE
135,1,2,29.759999999999998,50,FF,flower,TRUE
135,2,2,29.759999999999998,50,FF,banana,TRUE
135,3,2,29.759999999999998,50,FF,bucket,TRUE
135,4,2,29.759999999999998,50,NF,gourd,TRUE
135,5,2,29.759999999999998,50,NF,dulcimer,TRUE
135,6,2,29.759999999999998,50,NF,kumquat,TRUE
135,7,2,29.759999999999998,50,NF,ginger,FALSE
136,1,3,39.96,50,FF,flower,TRUE
136,2,3,39.96,50,FF,bucket,FALSE
136,3,3,39.96,50,FF,pretzel,TRUE
136,4,3,39.96,50,NF,kettle,TRUE
136,5,3,39.96,50,NF,kumquat,TRUE
136,6,3,39.96,50,NF,funnel,TRUE
136,7,3,39.96,50,NF,disk,FALSE
137,1,3,39.96,54.55,FF,banana,TRUE
137,2,3,39.96,54.55,FF,bowl,TRUE
137,3,3,39.96,54.55,FF,bucket,TRUE
137,4,3,39.96,54.55,NF,tongs,TRUE
137,5,3,39.96,54.55,NF,bok-choy,TRUE
137,6,3,39.96,54.55,NF,ginger,TRUE
137,7,3,39.96,54.55,NF,fig,TRUE
138,1,3,45.96,95.45,FF,ball,TRUE
138,2,3,45.96,95.45,FF,banana,TRUE
138,3,3,45.96,95.45,FF,spoon,TRUE
138,4,3,45.96,95.45,NF,cam,TRUE
138,5,3,45.96,95.45,NF,radish,TRUE
138,6,3,45.96,95.45,NF,funnel,TRUE
138,7,3,45.96,95.45,NF,chestnut,TRUE
139,1,3,47.519999999999996,68.18,FF,pretzel,TRUE
139,2,3,47.519999999999996,68.18,FF,ball,TRUE
139,3,3,47.519999999999996,68.18,FF,bottle,TRUE
139,4,3,47.519999999999996,68.18,NF,chestnut,TRUE
139,5,3,47.519999999999996,68.18,NF,gourd,TRUE
139,6,3,47.519999999999996,68.18,NF,ladle,TRUE
139,7,3,47.519999999999996,68.18,NF,funnel,TRUE
140,1,2,33.12,50,FF,cup,TRUE
140,2,2,33.12,50,FF,flower,TRUE
140,3,2,33.12,50,FF,apple,TRUE
140,4,2,33.12,50,NF,bok-choy,FALSE
140,5,2,33.12,50,NF,fig,FALSE
140,6,2,33.12,50,NF,kettle,TRUE
140,7,2,33.12,50,NF,leek,TRUE
141,1,2,25.799999999999997,31.82,FF,cookie,TRUE
141,2,2,25.799999999999997,31.82,FF,cup,TRUE
141,3,2,25.799999999999997,31.82,FF,shoe,FALSE
141,4,2,25.799999999999997,31.82,NF,funnel,FALSE
141,5,2,25.799999999999997,31.82,NF,longan,TRUE
141,6,2,25.799999999999997,31.82,NF,fig,FALSE
141,7,2,25.799999999999997,31.82,NF,kumquat,TRUE
142,1,3,39.36,77.27,FF,cup,TRUE
142,2,3,39.36,77.27,FF,cookie,TRUE
142,3,3,39.36,77.27,FF,guitar,TRUE
142,4,3,39.36,77.27,NF,dulcimer,TRUE
142,5,3,39.36,77.27,NF,ginger,TRUE
142,6,3,39.36,77.27,NF,chestnut,TRUE
142,7,3,39.36,77.27,NF,gourd,FALSE
143,1,3,39.36,81.82,FF,guitar,TRUE
143,2,3,39.36,81.82,FF,spoon,TRUE
143,3,3,39.36,81.82,FF,cookie,TRUE
143,4,3,39.36,81.82,NF,pipette,TRUE
143,5,3,39.36,81.82,NF,leek,TRUE
143,6,3,39.36,81.82,NF,radish,TRUE
144,1,3,44.400000000000006,81.82,FF,guitar,TRUE
144,2,3,44.400000000000006,81.82,FF,apple,TRUE
144,3,3,44.400000000000006,81.82,FF,flower,TRUE
144,4,3,44.400000000000006,81.82,NF,tongs,TRUE
144,5,3,44.400000000000006,81.82,NF,fig,TRUE
144,6,3,44.400000000000006,81.82,NF,kumquat,TRUE
144,7,3,44.400000000000006,81.82,NF,leek,TRUE
145,1,3,43.32,63.64,FF,cookie,TRUE
145,2,3,43.32,63.64,FF,balloon,FALSE
145,3,3,43.32,63.64,FF,cup,FALSE
145,4,3,43.32,63.64,NF,dulcimer,TRUE
145,5,3,43.32,63.64,NF,longan,TRUE
145,6,3,43.32,63.64,NF,kettle,FALSE
145,7,3,43.32,63.64,NF,pipette,TRUE
146,1,2,30.96,63.64,FF,banana,TRUE
146,2,2,30.96,63.64,FF,spoon,TRUE
146,3,2,30.96,63.64,FF,bucket,TRUE
146,4,2,30.96,63.64,NF,funnel,TRUE
146,5,2,30.96,63.64,NF,leek,FALSE
146,6,2,30.96,63.64,NF,helm,TRUE
146,7,2,30.96,63.64,NF,ginger,TRUE
147,1,3,43.2,72.73,FF,banana,TRUE
147,2,3,43.2,72.73,FF,cup,TRUE
147,3,3,43.2,72.73,FF,balloon,TRUE
147,4,3,43.2,72.73,NF,longan,TRUE
147,5,3,43.2,72.73,NF,pipette,TRUE
147,6,3,43.2,72.73,NF,ginger,TRUE
147,7,3,43.2,72.73,NF,dulcimer,TRUE
148,1,3,45.36,81.82,FF,bottle,TRUE
148,2,3,45.36,81.82,FF,cookie,TRUE
148,3,3,45.36,81.82,FF,guitar,TRUE
148,4,3,45.36,81.82,NF,dulcimer,TRUE
148,5,3,45.36,81.82,NF,gourd,TRUE
148,6,3,45.36,81.82,NF,kumquat,TRUE
148,7,3,45.36,81.82,NF,okra,TRUE
149,1,3,44.28,77.27,FF,cup,TRUE
149,2,3,44.28,77.27,FF,bucket,TRUE
149,3,3,44.28,77.27,FF,pretzel,TRUE
149,4,3,44.28,77.27,NF,kumquat,TRUE
149,5,3,44.28,77.27,NF,helm,TRUE
149,6,3,44.28,77.27,NF,luffa,TRUE
149,7,3,44.28,77.27,NF,funnel,FALSE
150,1,2,27,77.27,FF,cookie,TRUE
150,2,2,27,77.27,FF,guitar,TRUE
150,3,2,27,77.27,FF,bucket,TRUE
150,4,2,27,77.27,NF,helm,TRUE
150,5,2,27,77.27,NF,radish,TRUE
150,6,2,27,77.27,NF,sieve,TRUE
150,7,2,27,77.27,NF,pipette,TRUE
151,1,2,25.92,77.27,FF,spoon,TRUE
151,2,2,25.92,77.27,FF,pretzel,TRUE
151,3,2,25.92,77.27,FF,shoe,TRUE
151,4,2,25.92,77.27,NF,okra,TRUE
151,5,2,25.92,77.27,NF,helm,TRUE
151,6,2,25.92,77.27,NF,pipette,TRUE
151,7,2,25.92,77.27,NF,chestnut,TRUE
152,1,3,36.12,72.73,FF,ball,TRUE
152,2,3,36.12,72.73,FF,pretzel,TRUE
152,3,3,36.12,72.73,FF,shoe,TRUE
152,4,3,36.12,72.73,NF,chestnut,TRUE
152,5,3,36.12,72.73,NF,disk,TRUE
152,6,3,36.12,72.73,NF,tongs,TRUE
152,7,3,36.12,72.73,NF,sieve,TRUE
153,1,2,33.72,27.27,FF,cookie,FALSE
153,2,2,33.72,27.27,FF,ball,FALSE
153,3,2,33.72,27.27,FF,bucket,FALSE
153,4,2,33.72,27.27,NF,okra,TRUE
153,5,2,33.72,27.27,NF,sieve,FALSE
153,6,2,33.72,27.27,NF,kettle,FALSE
153,7,2,33.72,27.27,NF,longan,FALSE
154,1,3,41.04,72.73,FF,spoon,FALSE
154,2,3,41.04,72.73,FF,pretzel,FALSE
154,3,3,41.04,72.73,FF,guitar,FALSE
154,4,3,41.04,72.73,NF,funnel,TRUE
154,5,3,41.04,72.73,NF,beaker,TRUE
154,6,3,41.04,72.73,NF,dulcimer,TRUE
154,7,3,41.04,72.73,NF,fig,TRUE
155,1,3,39.599999999999994,59.09,FF,pretzel,TRUE
155,2,3,39.599999999999994,59.09,FF,bucket,TRUE
155,3,3,39.599999999999994,59.09,FF,guitar,TRUE
155,4,3,39.599999999999994,59.09,NF,kumquat,FALSE
155,5,3,39.599999999999994,59.09,NF,whisk,TRUE
155,6,3,39.599999999999994,59.09,NF,cam,TRUE
155,7,3,39.599999999999994,59.09,NF,radish,TRUE
156,1,2,30.48,36.36,FF,bucket,FALSE
156,2,2,30.48,36.36,FF,shoe,TRUE
156,3,2,30.48,36.36,FF,apple,TRUE
156,4,2,30.48,36.36,NF,kumquat,FALSE
156,5,2,30.48,36.36,NF,disk,FALSE
156,6,2,30.48,36.36,NF,pipette,FALSE
156,7,2,30.48,36.36,NF,tongs,FALSE
157,1,2,33.480000000000004,50,FF,balloon,TRUE
157,2,2,33.480000000000004,50,FF,shoe,TRUE
157,3,2,33.480000000000004,50,FF,apple,TRUE
157,4,2,33.480000000000004,50,NF,luffa,TRUE
157,5,2,33.480000000000004,50,NF,radish,TRUE
157,6,2,33.480000000000004,50,NF,bung,TRUE
157,7,2,33.480000000000004,50,NF,whisk,TRUE
158,1,2,31.200000000000003,77.27,FF,apple,TRUE
158,2,2,31.200000000000003,77.27,FF,flower,TRUE
158,3,2,31.200000000000003,77.27,FF,spoon,TRUE
158,4,2,31.200000000000003,77.27,NF,kettle,TRUE
158,5,2,31.200000000000003,77.27,NF,sieve,TRUE
158,6,2,31.200000000000003,77.27,NF,bok-choy,TRUE
158,7,2,31.200000000000003,77.27,NF,cam,TRUE
159,1,2,32.160000000000004,68.18,FF,guitar,TRUE
159,2,2,32.160000000000004,68.18,FF,pretzel,TRUE
159,3,2,32.160000000000004,68.18,FF,bowl,TRUE
159,4,2,32.160000000000004,68.18,NF,chestnut,TRUE
159,5,2,32.160000000000004,68.18,NF,luffa,FALSE
159,6,2,32.160000000000004,68.18,NF,ginger,TRUE
159,7,2,32.160000000000004,68.18,NF,leek,TRUE
160,1,2,26.52,54.55,FF,cookie,TRUE
160,2,2,26.52,54.55,FF,bowl,TRUE
160,3,2,26.52,54.55,FF,ball,TRUE
160,4,2,26.52,54.55,NF,kettle,TRUE
160,5,2,26.52,54.55,NF,whisk,TRUE
160,6,2,26.52,54.55,NF,kumquat,FALSE
160,7,2,26.52,54.55,NF,helm,TRUE
161,1,3,36.12,68.18,FF,cookie,TRUE
161,2,3,36.12,68.18,FF,bowl,TRUE
161,3,3,36.12,68.18,FF,flower,TRUE
161,4,3,36.12,68.18,NF,beaker,TRUE
161,5,3,36.12,68.18,NF,bung,TRUE
161,6,3,36.12,68.18,NF,ginger,TRUE
161,7,3,36.12,68.18,NF,dulcimer,TRUE
162,1,2,35.76,68.18,FF,apple,TRUE
162,2,2,35.76,68.18,FF,shoe,TRUE
162,3,2,35.76,68.18,FF,bucket,FALSE
162,4,2,35.76,68.18,NF,helm,TRUE
162,5,2,35.76,68.18,NF,tongs,TRUE
162,6,2,35.76,68.18,NF,gourd,TRUE
162,7,2,35.76,68.18,NF,funnel,TRUE
163,1,2,28.08,50,FF,bowl,TRUE
163,2,2,28.08,50,FF,balloon,TRUE
163,3,2,28.08,50,FF,banana,FALSE
163,4,2,28.08,50,NF,kettle,FALSE
163,5,2,28.08,50,NF,kumquat,FALSE
163,6,2,28.08,50,NF,beaker,TRUE
163,7,2,28.08,50,NF,dulcimer,FALSE
164,1,2,24.36,63.64,FF,bucket,TRUE
164,2,2,24.36,63.64,FF,cookie,TRUE
164,3,2,24.36,63.64,FF,flower,TRUE
164,4,2,24.36,63.64,NF,ladle,TRUE
164,5,2,24.36,63.64,NF,ginger,TRUE
164,6,2,24.36,63.64,NF,disk,TRUE
164,7,2,24.36,63.64,NF,cam,TRUE
165,1,2,31.200000000000003,77.27,FF,cookie,TRUE
165,2,2,31.200000000000003,77.27,FF,bowl,TRUE
165,3,2,31.200000000000003,77.27,FF,shoe,TRUE
165,4,2,31.200000000000003,77.27,NF,disk,TRUE
165,5,2,31.200000000000003,77.27,NF,chestnut,FALSE
165,6,2,31.200000000000003,77.27,NF,ladle,TRUE
165,7,2,31.200000000000003,77.27,NF,sieve,TRUE
166,1,2,25.56,40.91,FF,banana,FALSE
166,2,2,25.56,40.91,FF,guitar,TRUE
166,3,2,25.56,40.91,FF,ball,FALSE
166,4,2,25.56,40.91,NF,helm,TRUE
166,5,2,25.56,40.91,NF,kumquat,TRUE
166,6,2,25.56,40.91,NF,beaker,TRUE
166,7,2,25.56,40.91,NF,fig,FALSE
167,1,2,27.48,40.91,FF,bowl,FALSE
167,2,2,27.48,40.91,FF,pretzel,TRUE
167,3,2,27.48,40.91,FF,cup,TRUE
167,4,2,27.48,40.91,NF,whisk,TRUE
167,5,2,27.48,40.91,NF,ladle,TRUE
167,6,2,27.48,40.91,NF,cam,TRUE
167,7,2,27.48,40.91,NF,gourd,TRUE
168,1,2,27.72,45.45,FF,bottle,TRUE
168,2,2,27.72,45.45,FF,ball,TRUE
168,3,2,27.72,45.45,FF,apple,TRUE
168,4,2,27.72,45.45,NF,ladle,TRUE
168,5,2,27.72,45.45,NF,pipette,FALSE
168,6,2,27.72,45.45,NF,gourd,FALSE
168,7,2,27.72,45.45,NF,cam,TRUE
169,1,2,27.119999999999997,31.82,FF,shoe,TRUE
169,2,2,27.119999999999997,31.82,FF,balloon,TRUE
169,3,2,27.119999999999997,31.82,FF,apple,TRUE
169,4,2,27.119999999999997,31.82,NF,longan,TRUE
169,5,2,27.119999999999997,31.82,NF,cam,TRUE
169,6,2,27.119999999999997,31.82,NF,leek,FALSE
169,7,2,27.119999999999997,31.82,NF,beaker,FALSE
170,1,2,27.36,63.64,FF,apple,TRUE
170,2,2,27.36,63.64,FF,spoon,TRUE
170,3,2,27.36,63.64,FF,ball,FALSE
170,4,2,27.36,63.64,NF,leek,TRUE
170,5,2,27.36,63.64,NF,okra,TRUE
170,6,2,27.36,63.64,NF,chestnut,TRUE
170,7,2,27.36,63.64,NF,tongs,TRUE
171,1,2,28.68,36.36,FF,flower,FALSE
171,2,2,28.68,36.36,FF,pretzel,FALSE
171,3,2,28.68,36.36,FF,spoon,TRUE
171,4,2,28.68,36.36,NF,okra,FALSE
171,5,2,28.68,36.36,NF,chestnut,TRUE
171,6,2,28.68,36.36,NF,luffa,FALSE
171,7,2,28.68,36.36,NF,dulcimer,FALSE
172,1,2,25.56,36.36,FF,cup,TRUE
172,2,2,25.56,36.36,FF,banana,TRUE
172,3,2,25.56,36.36,FF,bucket,TRUE
172,4,2,25.56,36.36,NF,kettle,TRUE
172,5,2,25.56,36.36,NF,radish,TRUE
172,6,2,25.56,36.36,NF,luffa,FALSE
172,7,2,25.56,36.36,NF,cam,FALSE
173,1,2,33.72,77.27,FF,flower,TRUE
173,2,2,33.72,77.27,FF,banana,TRUE
173,3,2,33.72,77.27,FF,bowl,TRUE
173,4,2,33.72,77.27,NF,beaker,TRUE
173,5,2,33.72,77.27,NF,fig,TRUE
173,6,2,33.72,77.27,NF,pipette,TRUE
173,7,2,33.72,77.27,NF,bung,TRUE
174,1,2,27.839999999999996,50,FF,ball,TRUE
174,2,2,27.839999999999996,50,FF,apple,TRUE
174,3,2,27.839999999999996,50,FF,bucket,TRUE
174,4,2,27.839999999999996,50,NF,gourd,TRUE
174,5,2,27.839999999999996,50,NF,funnel,FALSE
174,6,2,27.839999999999996,50,NF,fig,FALSE
174,7,2,27.839999999999996,50,NF,bok-choy,TRUE
175,1,2,28.32,63.64,FF,shoe,TRUE
175,2,2,28.32,63.64,FF,apple,TRUE
175,3,2,28.32,63.64,FF,bowl,TRUE
175,4,2,28.32,63.64,NF,fig,TRUE
175,5,2,28.32,63.64,NF,disk,TRUE
175,6,2,28.32,63.64,NF,tongs,FALSE
175,7,2,28.32,63.64,NF,bok-choy,TRUE
176,1,2,26.52,77.27,FF,guitar,TRUE
176,2,2,26.52,77.27,FF,pretzel,TRUE
176,3,2,26.52,77.27,FF,bowl,TRUE
176,4,2,26.52,77.27,NF,cam,TRUE
176,5,2,26.52,77.27,NF,luffa,TRUE
176,6,2,26.52,77.27,NF,kettle,TRUE
176,7,2,26.52,77.27,NF,longan,TRUE
177,1,2,24,54.55,FF,bottle,TRUE
177,2,2,24,54.55,FF,apple,TRUE
177,3,2,24,54.55,FF,balloon,TRUE
177,4,2,24,54.55,NF,cam,TRUE
177,5,2,24,54.55,NF,kettle,TRUE
177,6,2,24,54.55,NF,fig,FALSE
177,7,2,24,54.55,NF,bok-choy,FALSE
178,1,3,40.32,68.18,FF,pretzel,TRUE
178,2,3,40.32,68.18,FF,spoon,TRUE
178,3,3,40.32,68.18,FF,balloon,TRUE
178,4,3,40.32,68.18,NF,leek,FALSE
178,5,3,40.32,68.18,NF,dulcimer,TRUE
178,6,3,40.32,68.18,NF,kumquat,TRUE
178,7,3,40.32,68.18,NF,okra,TRUE
179,1,2,34.08,59.09,FF,flower,TRUE
179,2,2,34.08,59.09,FF,guitar,TRUE
179,3,2,34.08,59.09,FF,cookie,TRUE
179,4,2,34.08,59.09,NF,cam,TRUE
179,5,2,34.08,59.09,NF,longan,TRUE
179,6,2,34.08,59.09,NF,dulcimer,TRUE
179,7,2,34.08,59.09,NF,beaker,TRUE
180,1,3,36.96,68.18,FF,apple,TRUE
180,2,3,36.96,68.18,FF,flower,TRUE
180,3,3,36.96,68.18,FF,bowl,TRUE
180,4,3,36.96,68.18,NF,funnel,TRUE
180,5,3,36.96,68.18,NF,longan,TRUE
180,6,3,36.96,68.18,NF,fig,TRUE
180,7,3,36.96,68.18,NF,ginger,TRUE
181,1,2,32.160000000000004,86.36,FF,flower,TRUE
181,2,2,32.160000000000004,86.36,FF,cookie,TRUE
181,3,2,32.160000000000004,86.36,FF,guitar,TRUE
181,4,2,32.160000000000004,86.36,NF,tongs,TRUE
181,5,2,32.160000000000004,86.36,NF,sieve,TRUE
181,6,2,32.160000000000004,86.36,NF,luffa,TRUE
181,7,2,32.160000000000004,86.36,NF,bung,TRUE
182,1,2,32.160000000000004,63.64,FF,balloon,TRUE
182,2,2,32.160000000000004,63.64,FF,apple,TRUE
182,3,2,32.160000000000004,63.64,FF,spoon,TRUE
182,4,2,32.160000000000004,63.64,NF,kettle,FALSE
182,5,2,32.160000000000004,63.64,NF,whisk,TRUE
182,6,2,32.160000000000004,63.64,NF,sieve,TRUE
182,7,2,32.160000000000004,63.64,NF,helm,TRUE
183,1,3,42.36,63.64,FF,balloon,TRUE
183,2,3,42.36,63.64,FF,ball,TRUE
183,3,3,42.36,63.64,FF,apple,TRUE
183,4,3,42.36,63.64,NF,ladle,TRUE
183,5,3,42.36,63.64,NF,beaker,TRUE
183,6,3,42.36,63.64,NF,kettle,FALSE
183,7,3,42.36,63.64,NF,radish,TRUE
184,1,3,42.36,77.27,FF,flower,TRUE
184,2,3,42.36,77.27,FF,pretzel,TRUE
184,3,3,42.36,77.27,FF,spoon,TRUE
184,4,3,42.36,77.27,NF,cam,TRUE
184,5,3,42.36,77.27,NF,whisk,TRUE
184,6,3,42.36,77.27,NF,luffa,TRUE
184,7,3,42.36,77.27,NF,kettle,TRUE
185,1,3,37.56,86.36,FF,banana,TRUE
185,2,3,37.56,86.36,FF,bowl,TRUE
185,3,3,37.56,86.36,FF,balloon,TRUE
185,4,3,37.56,86.36,NF,radish,TRUE
185,5,3,37.56,86.36,NF,ginger,TRUE
185,6,3,37.56,86.36,NF,whisk,TRUE
185,7,3,37.56,86.36,NF,ladle,TRUE
